index,ID
1,H10000001615
2,H10000002106
3,H10000003320
4,H10000004723
5,H10000005448
6,H10000006880
7,H10000007961
8,H10000008251
9,H10000009383
10,H1000000a672
11,H1000000b949
12,H1000000c166
13,H1000000d330
14,H1000000e744
15,H1000000f571
16,H1000000g968
17,H1000000h413
18,H1000000i919
19,H1000000j651
20,H1000000k338
21,H1000000l114
22,H1000000m430
23,H1000000n855
24,H1000000o629
25,H1000000p534
26,H1000000q663
27,H1000000r881
28,H1000000s556
29,H1000000t980
30,H1000000u546
31,H1000000v351
32,H1000000w243
33,H1000000x136
34,H1000000y350
35,H1000000z777
36,H1000000A141
37,H1000000B423
38,H1000000C821
39,H1000000D995
40,H1000000E830
41,H1000000F546
42,H1000000G482
43,H1000000H494
44,H1000000I768
45,H1000000J515
46,H1000000K580
47,H1000000L906
48,H1000000M811
49,H1000000N111
50,H1000000O259
51,H1000000P704
52,H1000000Q434
53,H1000000R772
54,H1000000S332
55,H1000000T407
56,H1000000U410
57,H1000000V890
58,H1000000W307
59,H1000000X610
60,H1000000Y412
61,H1000000Z108
62,H10000010552
63,H10000020898
64,H10000030428
65,H10000040465
66,H10000050140
67,H10000060409
68,H10000070566
69,H10000080710
70,H10000090832
71,H100000a0171
72,H100000b0730
73,H100000c0359
74,H100000d0267
75,H100000e0476
76,H100000f0329
77,H100000g0437
78,H100000h0650
79,H100000i0204
80,H100000j0975
81,H100000k0149
82,H100000l0597
83,H100000m0631
84,H100000n0509
85,H100000o0456
86,H100000p0261
87,H100000q0567
88,H100000r0861
89,H100000s0886
90,H100000t0871
91,H100000u0616
92,H100000v0310
93,H100000w0604
94,H100000x0815
95,H100000y0127
96,H100000z0318
97,H100000A0697
98,H100000B0586
99,H100000C0387
100,H100000D0319;